No,Laboratorium
2,Jaringan Berbasis Informasi
5,Jaringan Berbasis Informasi
14,Jaringan Berbasis Informasi
26,Jaringan Berbasis Informasi
35,Jaringan Berbasis Informasi
41,Jaringan Berbasis Informasi
46,Jaringan Berbasis Informasi
48,Jaringan Berbasis Informasi
58,Jaringan Berbasis Informasi
63,Jaringan Berbasis Informasi
65,Jaringan Berbasis Informasi
75,Jaringan Berbasis Informasi
79,Jaringan Berbasis Informasi
86,Jaringan Berbasis Informasi
104,Jaringan Berbasis Informasi
8,Media Game dan Mobile
16,Media Game dan Mobile
22,Media Game dan Mobile
37,Media Game dan Mobile
38,Media Game dan Mobile
47,Media Game dan Mobile
60,Media Game dan Mobile
62,Media Game dan Mobile
70,Media Game dan Mobile
83,Media Game dan Mobile
105,Media Game dan Mobile
1,Rekayasa Perangkat Lunak
4,Rekayasa Perangkat Lunak
19,Rekayasa Perangkat Lunak
27,Rekayasa Perangkat Lunak
64,Rekayasa Perangkat Lunak
76,Rekayasa Perangkat Lunak
99,Rekayasa Perangkat Lunak
9,Robotika dan Sistem Tertanam
18,Robotika dan Sistem Tertanam
25,Robotika dan Sistem Tertanam
33,Robotika dan Sistem Tertanam
36,Robotika dan Sistem Tertanam
43,Robotika dan Sistem Tertanam
44,Robotika dan Sistem Tertanam
50,Robotika dan Sistem Tertanam
68,Robotika dan Sistem Tertanam
81,Robotika dan Sistem Tertanam
88,Robotika dan Sistem Tertanam
90,Robotika dan Sistem Tertanam
106,Robotika dan Sistem Tertanam
109,Robotika dan Sistem Tertanam
3,Sistem Cerdas
10,Sistem Cerdas
15,Sistem Cerdas
20,Sistem Cerdas
23,Sistem Cerdas
24,Sistem Cerdas
29,Sistem Cerdas
30,Sistem Cerdas
34,Sistem Cerdas
42,Sistem Cerdas
51,Sistem Cerdas
52,Sistem Cerdas
54,Sistem Cerdas
61,Sistem Cerdas
66,Sistem Cerdas
69,Sistem Cerdas
71,Sistem Cerdas
74,Sistem Cerdas
77,Sistem Cerdas
80,Sistem Cerdas
82,Sistem Cerdas
84,Sistem Cerdas
89,Sistem Cerdas
93,Sistem Cerdas
94,Sistem Cerdas
95,Sistem Cerdas
97,Sistem Cerdas
101,Sistem Cerdas
107,Sistem Cerdas
11,Sistem Informasi
12,Sistem Informasi
13,Sistem Informasi
21,Sistem Informasi
28,Sistem Informasi
31,Sistem Informasi
32,Sistem Informasi
49,Sistem Informasi
53,Sistem Informasi
55,Sistem Informasi
56,Sistem Informasi
57,Sistem Informasi
67,Sistem Informasi
72,Sistem Informasi
73,Sistem Informasi
87,Sistem Informasi
102,Sistem Informasi
108,Sistem Informasi
6,Teknologi Pembelajaran
7,Teknologi Pembelajaran
17,Teknologi Pembelajaran
39,Teknologi Pembelajaran
40,Teknologi Pembelajaran
45,Teknologi Pembelajaran
59,Teknologi Pembelajaran
78,Teknologi Pembelajaran
85,Teknologi Pembelajaran
91,Teknologi Pembelajaran
92,Teknologi Pembelajaran
96,Teknologi Pembelajaran
98,Teknologi Pembelajaran
100,Teknologi Pembelajaran
103,Teknologi Pembelajaran
